Year,Campus_Number,Asian-AllSub Score,Hispanic/Latino-AllSub Score,Native Hawaiian/Other Pacific Islander-AllSub Score,Multiracial-AllSub Score,White-AllSub Score,Black or African American-AllSub Score,American Indian or Alaska Native-AllSub Score,Econ Disadv-AllSub Score,At Risk-AllSub Score
2015,227803001,86,55,.,100,92,63,-1,58,47
2015,227803101,100,81,.,100,95,56,-1,80,77
2015,227803102,-1,62,.,-1,91,45,.,60,57
2015,227804101,94,86,.,91,94,77,.,83,75
2015,227804102,-1,69,.,-1,96,75,.,75,77
2015,227805041,.,-1,.,-1,-1,81,.,82,71
2015,227805101,.,86,.,-1,-1,75,.,75,50
2015,227806005,.,.,.,.,.,.,.,.,.
2015,227806009,.,.,.,.,.,.,.,.,.
2015,227806015,.,-1,.,.,-1,-1,.,-1,29
2015,227806017,.,-1,.,.,.,.,.,-1,-1
2015,227806023,.,.,.,.,.,.,.,.,.
2015,227806024,.,-1,.,.,.,.,.,-1,-1
2015,227806025,.,38,.,.,-1,33,.,38,32
2015,227806029,.,.,.,.,.,.,.,.,.
2015,227806030,.,.,.,.,.,.,.,.,.
2015,227806031,.,-1,.,-1,100,-1,.,.,-1
2015,227806032,.,.,.,.,.,.,.,.,.
2015,227806034,.,.,.,.,.,.,.,.,.
2015,227806035,.,.,.,.,.,.,.,.,.
2015,227814001,96,95,.,100,96,92,-1,.,85
2015,227816001,95,65,.,-1,91,71,-1,67,60
2015,227816002,96,84,.,93,92,90,.,84,76
2015,227816003,96,79,.,87,80,77,.,77,67
2015,227816004,92,79,.,89,90,81,-1,78,75
2015,227816005,-1,54,.,-1,75,57,.,52,46
2015,227816101,100,72,.,.,87,76,-1,72,63
2015,227817101,100,69,.,-1,83,67,-1,69,60
2015,227819101,-1,84,.,-1,94,86,.,79,78
2015,227820001,-1,87,.,-1,.,86,.,88,81
2015,227820041,.,78,.,.,-1,88,.,78,64
2015,227820042,-1,82,.,-1,80,95,.,82,78
2015,227820043,.,69,.,-1,-1,86,.,68,66
2015,227820044,.,76,.,-1,100,78,.,77,68
2015,227820101,.,67,.,-1,100,58,.,67,64
2015,227820102,.,65,.,.,-1,90,.,64,60
2015,227820103,.,.,.,.,.,.,.,.,.
2015,227820104,.,.,.,.,.,.,.,.,.
2015,227821101,-1,68,.,39,83,43,.,59,57
2015,227824001,.,60,.,.,-1,63,.,61,53
2015,227824002,.,68,.,-1,79,65,.,68,63
2015,227825001,.,77,.,-1,96,72,-1,76,67
2015,227826101,-1,65,.,-1,93,-1,.,64,53
2015,227827001,.,.,.,.,.,.,.,.,.
2015,227901002,91,83,-1,97,95,77,-1,78,75
2015,227901004,67,71,.,88,83,76,75,71,65
2015,227901005,93,81,-1,86,97,68,92,74,72
2015,227901006,77,68,.,89,81,64,-1,67,60
2015,227901007,46,70,.,88,75,68,.,68,63
2015,227901008,100,75,-1,86,89,73,-1,75,66
2015,227901009,92,86,.,94,97,74,-1,83,77
2015,227901012,.,.,.,.,.,.,.,.,.
2015,227901013,96,93,-1,95,97,91,100,88,84
2015,227901014,-1,68,.,80,89,72,-1,69,62
2015,227901015,.,81,.,.,81,-1,.,69,76
2015,227901017,88,78,-1,81,91,68,-1,77,69
2015,227901018,100,100,-1,100,100,100,-1,100,100
2015,227901019,62,77,.,-1,83,69,75,75,72
2015,227901025,.,77,.,-1,-1,-1,.,79,78
2015,227901026,.,41,.,.,-1,-1,.,40,43
2015,227901027,.,.,.,.,.,.,.,.,.
2015,227901028,100,96,-1,100,100,98,.,96,88
2015,227901029,-1,50,.,.,.,-1,.,52,50
2015,227901030,.,.,.,.,.,.,.,.,.
2015,227901032,.,-1,.,.,.,.,.,-1,-1
2015,227901035,.,.,.,.,.,-1,.,-1,-1
2015,227901036,.,.,.,.,.,.,.,.,.
2015,227901043,81,66,.,95,96,67,100,63,45
2015,227901044,98,77,.,100,99,53,100,61,39
2015,227901045,89,70,-1,92,93,58,-1,62,53
2015,227901046,58,55,.,85,76,62,.,55,40
2015,227901047,100,75,.,95,97,61,.,68,58
2015,227901051,-1,55,.,.,73,52,.,54,43
2015,227901052,89,80,.,95,95,70,100,73,67
2015,227901053,-1,59,-1,64,71,48,-1,58,45
2015,227901054,94,68,.,91,84,63,86,66,53
2015,227901055,72,61,.,-1,-1,49,.,59,43
2015,227901057,70,65,-1,83,83,70,.,63,51
2015,227901058,-1,55,.,60,40,53,.,54,43
2015,227901059,100,81,.,96,93,83,-1,79,65
2015,227901060,92,74,.,91,88,65,-1,66,55
2015,227901061,87,62,-1,70,86,62,-1,61,46
2015,227901062,97,97,.,99,98,90,-1,95,86
2015,227901064,26,62,.,75,88,61,.,60,48
2015,227901065,28,61,.,100,67,49,-1,55,44
2015,227901101,.,79,.,.,-1,83,.,78,77
2015,227901102,-1,64,.,.,73,67,.,64,62
2015,227901103,-1,88,-1,80,95,-1,.,71,62
2015,227901104,-1,68,.,-1,97,67,.,60,60
2015,227901105,.,92,.,.,-1,100,.,94,93
2015,227901106,.,64,.,.,91,67,.,65,55
2015,227901107,100,68,.,88,90,80,.,59,53
2015,227901108,.,45,.,-1,-1,50,.,45,29
2015,227901109,-1,68,.,-1,-1,78,.,67,62
2015,227901110,100,88,.,100,98,80,.,75,63
2015,227901111,-1,70,.,.,-1,89,.,79,68
2015,227901112,100,94,.,100,99,100,.,73,86
2015,227901113,-1,74,.,78,82,-1,.,69,55
2015,227901114,-1,75,.,-1,100,82,-1,75,72
2015,227901115,.,.,.,.,.,.,.,.,.
2015,227901116,.,64,-1,-1,78,47,.,62,58
2015,227901117,-1,93,.,100,96,86,-1,90,79
2015,227901118,53,62,.,-1,-1,36,-1,60,58
2015,227901119,91,96,.,100,99,75,.,93,84
2015,227901120,100,80,.,100,94,-1,.,80,74
2015,227901121,100,90,.,92,96,89,.,77,75
2015,227901122,-1,68,.,85,96,63,-1,60,50
2015,227901123,100,86,.,100,98,100,-1,85,79
2015,227901124,78,64,.,-1,.,69,-1,64,53
2015,227901125,-1,58,.,-1,-1,49,.,57,54
2015,227901126,-1,87,.,-1,-1,93,.,87,81
2015,227901127,-1,64,.,.,-1,-1,-1,63,58
2015,227901128,.,87,-1,100,91,77,.,73,70
2015,227901129,.,58,.,.,-1,61,-1,60,54
2015,227901130,.,78,.,100,100,92,-1,80,69
2015,227901131,.,.,.,.,.,.,.,.,.
2015,227901132,-1,81,.,-1,100,-1,.,82,74
2015,227901133,.,81,.,.,95,-1,-1,69,70
2015,227901136,-1,85,.,-1,94,-1,.,84,74
2015,227901138,86,75,.,97,93,86,.,76,74
2015,227901139,.,72,.,.,-1,60,.,66,58
2015,227901140,.,67,.,92,100,62,-1,65,60
2015,227901141,56,60,.,-1,60,68,.,61,57
2015,227901143,97,81,.,90,91,56,-1,77,65
2015,227901144,-1,72,.,-1,94,55,-1,71,70
2015,227901145,.,77,.,.,100,82,.,78,65
2015,227901146,100,90,.,95,97,83,-1,85,80
2015,227901147,95,75,.,84,98,100,.,78,72
2015,227901148,100,79,.,88,97,-1,-1,75,77
2015,227901149,-1,66,.,-1,71,68,.,66,60
2015,227901150,.,73,.,-1,-1,64,-1,68,65
2015,227901151,77,69,.,67,72,75,.,66,59
2015,227901152,47,63,.,-1,58,53,.,61,55
2015,227901154,96,93,.,96,97,90,.,85,89
2015,227901155,98,91,.,98,97,94,.,85,86
2015,227901156,-1,71,.,100,79,78,-1,71,58
2015,227901157,.,78,.,.,-1,76,.,77,77
2015,227901158,-1,70,.,-1,90,-1,.,70,62
2015,227901159,100,96,.,-1,100,95,-1,95,92
2015,227901160,75,59,.,70,100,65,-1,60,51
2015,227901161,100,74,.,-1,50,72,.,72,70
2015,227901162,.,59,.,-1,71,53,-1,58,51
2015,227901163,58,82,.,-1,75,79,-1,81,79
2015,227901164,.,64,.,.,-1,50,-1,63,62
2015,227901165,100,76,.,-1,-1,100,.,77,74
2015,227901166,100,75,.,100,85,71,.,75,65
2015,227901168,-1,71,.,-1,-1,73,-1,71,69
2015,227901170,-1,83,.,100,95,85,-1,83,75
2015,227901171,.,71,.,.,-1,84,.,68,62
2015,227901172,100,71,.,88,87,75,.,70,56
2015,227901173,100,76,.,81,93,80,.,77,72
2015,227901174,.,50,.,.,-1,63,-1,50,44
2015,227901175,.,57,.,.,-1,46,.,56,51
2015,227901176,.,63,.,-1,100,100,.,63,53
2015,227901177,.,.,.,.,.,.,.,.,.
2015,227901178,.,63,.,-1,-1,63,.,63,59
2015,227901179,90,80,-1,85,95,73,-1,64,69
2015,227901180,100,98,.,100,97,100,-1,96,88
2015,227901181,98,86,.,92,96,100,.,69,79
2015,227901182,100,93,.,95,98,86,.,93,86
2015,227901183,94,90,.,100,93,86,-1,87,66
2015,227901184,98,97,.,100,97,-1,.,90,87
2015,227901185,100,80,.,93,96,81,-1,81,74
2015,227901186,100,81,.,.,-1,86,.,82,81
2015,227901187,97,84,.,100,97,-1,.,65,77
2015,227901188,.,71,.,-1,100,80,-1,72,72
2015,227901189,-1,73,.,.,100,68,.,72,68
2015,227901190,-1,71,.,-1,85,64,.,70,65
2015,227901192,.,.,.,.,.,.,.,.,.
2015,227901193,.,74,.,.,-1,-1,.,71,72
2015,227901249,.,.,.,.,.,.,.,.,.
2015,227901250,.,.,.,.,.,.,.,.,.
2015,227901251,.,.,.,.,.,.,.,.,.
2015,227904001,89,79,-1,84,88,75,-1,75,69
2015,227904003,87,67,-1,82,83,65,71,67,58
2015,227904004,96,86,84,92,94,86,100,82,78
2015,227904008,.,.,.,.,.,.,.,.,.
2015,227904041,91,72,.,79,87,69,67,68,58
2015,227904042,90,78,-1,88,77,73,-1,75,66
2015,227904043,94,84,-1,92,91,78,67,78,69
2015,227904045,92,66,-1,88,83,65,-1,67,56
2015,227904046,95,86,-1,82,95,78,100,78,72
2015,227904048,91,76,100,88,92,85,85,73,64
2015,227904101,95,75,.,71,88,69,100,66,60
2015,227904102,93,78,.,-1,90,88,.,78,76
2015,227904103,88,77,-1,79,87,72,-1,67,67
2015,227904104,86,80,-1,75,85,75,.,75,71
2015,227904105,93,61,-1,67,61,57,.,62,58
2015,227904106,93,72,-1,77,83,64,.,67,55
2015,227904107,53,60,.,100,76,61,.,60,52
2015,227904108,100,73,.,61,88,51,.,55,49
2015,227904109,82,72,.,81,91,66,.,71,67
2015,227904110,.,.,.,.,.,.,.,.,.
2015,227904111,90,75,.,83,95,64,.,76,72
2015,227904112,89,93,.,95,93,73,-1,83,72
2015,227904113,.,.,.,.,.,.,.,.,.
2015,227904114,83,73,-1,69,86,58,.,63,61
2015,227904115,96,90,.,89,93,88,-1,90,73
2015,227904116,95,77,.,92,92,85,.,72,73
2015,227904117,92,80,.,78,75,49,.,68,66
2015,227904118,95,82,.,93,88,72,.,82,63
2015,227904119,-1,62,.,83,61,56,.,61,57
2015,227904120,92,80,.,47,89,70,-1,75,64
2015,227907001,-1,68,.,56,78,58,83,63,58
2015,227907002,-1,56,.,.,57,49,-1,55,54
2015,227907004,88,86,-1,100,93,77,.,83,68
2015,227907041,-1,59,.,71,73,61,.,58,43
2015,227907042,79,58,100,77,71,61,.,59,47
2015,227907101,.,64,.,80,89,62,-1,62,56
2015,227907102,92,74,-1,71,86,75,.,71,66
2015,227907104,.,39,.,-1,75,33,-1,39,33
2015,227907105,-1,53,.,-1,71,39,.,52,46
2015,227907106,-1,57,-1,63,77,60,-1,57,49
2015,227907107,.,54,.,-1,-1,50,-1,53,52
2015,227907108,83,72,.,58,81,53,.,68,63
2015,227909001,99,98,.,97,99,100,100,95,93
2015,227909005,.,.,.,.,.,.,.,.,.
2015,227909041,99,97,-1,97,98,100,100,94,88
2015,227909042,99,96,.,96,97,89,-1,96,85
2015,227909101,100,95,.,100,95,-1,-1,77,92
2015,227909102,95,85,.,94,98,-1,-1,93,83
2015,227909103,82,95,.,96,96,-1,.,93,81
2015,227909104,100,89,.,100,98,.,.,-1,88
2015,227909105,96,93,.,100,95,.,.,-1,79
2015,227909106,100,88,.,100,96,83,-1,-1,73
2015,227910001,54,73,-1,78,79,70,-1,72,65
2015,227910002,-1,55,.,-1,68,50,-1,55,56
2015,227910041,81,67,.,82,75,63,100,66,55
2015,227910042,94,69,.,-1,81,64,-1,68,49
2015,227910043,-1,61,.,89,57,58,-1,58,48
2015,227910101,100,67,.,-1,63,74,-1,65,57
2015,227910106,-1,72,.,-1,71,95,-1,70,69
2015,227910107,.,60,.,-1,-1,100,-1,61,59
2015,227910108,.,51,.,-1,56,49,.,50,43
2015,227910109,-1,45,.,63,52,46,.,43,39
2015,227910110,56,59,.,-1,70,48,-1,58,46
2015,227910111,.,63,.,-1,64,-1,-1,61,55
2015,227910112,.,68,.,75,93,56,.,68,62
2015,227912001,-1,83,.,93,88,-1,-1,82,68
2015,227912041,100,82,-1,87,91,-1,.,77,71
2015,227912101,.,96,.,-1,96,-1,-1,93,86
2015,227913001,97,84,.,96,97,83,100,75,85
2015,227913002,.,.,.,.,.,.,.,.,.
2015,227913041,99,92,-1,96,97,100,100,85,88
2015,227913042,96,90,.,99,97,100,82,86,85
2015,227913101,93,75,.,94,96,-1,-1,72,71
2015,227913102,100,96,.,100,96,71,.,84,87
2015,227913103,97,71,.,96,93,83,-1,72,77
2015,227913104,100,97,.,100,100,-1,-1,100,100
2015,227913105,100,87,.,100,97,-1,-1,87,82
2015,227913106,100,89,-1,100,92,-1,.,88,73
2016,227803001,84,52,.,91,81,53,-1,49,43
2016,227803101,92,71,.,87,82,-1,-1,62,62
2016,227803102,100,58,-1,79,85,30,.,57,54
2016,227803103,.,.,.,.,.,.,.,.,.
2016,227804101,95,80,.,76,92,78,.,79,69
2016,227804102,100,84,.,-1,95,78,.,76,79
2016,227805041,.,78,.,.,-1,78,.,79,65
2016,227805101,.,62,.,-1,.,73,.,66,40
2016,227806005,.,.,.,.,.,.,.,.,.
2016,227806009,.,.,.,.,.,.,.,.,.
2016,227806015,.,-1,.,.,.,-1,.,-1,-1
2016,227806017,.,-1,.,.,.,.,.,.,-1
2016,227806023,.,.,.,.,.,.,.,.,.
2016,227806024,.,.,.,.,.,.,.,.,.
2016,227806025,.,38,.,-1,-1,24,.,30,30
2016,227806029,.,.,.,.,.,.,.,.,.
2016,227806030,.,.,.,.,.,.,.,.,.
2016,227806031,.,88,.,100,100,100,.,.,.
2016,227806032,.,.,.,.,.,.,.,.,.
2016,227806034,.,.,.,.,.,.,.,.,.
2016,227806035,.,.,.,.,-1,.,.,.,-1
2016,227806036,.,.,.,.,.,.,.,.,.
2016,227806037,.,.,.,.,.,.,.,.,.
2016,227806039,.,.,.,.,.,.,.,.,.
2016,227806040,.,.,.,.,.,.,.,.,.
2016,227806041,.,.,.,.,.,.,.,.,.
2016,227806042,.,.,.,.,.,.,.,.,.
2016,227806043,.,.,.,.,100,.,.,.,100
2016,227814001,100,94,-1,100,97,86,-1,-1,87
2016,227816001,83,64,.,70,91,68,.,65,57
2016,227816002,96,77,.,95,90,83,-1,80,70
2016,227816003,92,63,.,89,86,75,.,65,63
2016,227816004,90,74,.,81,87,79,44,76,70
2016,227816005,100,65,.,89,83,63,.,64,60
2016,227816101,79,64,.,-1,86,64,.,63,55
2016,227817101,100,73,.,-1,81,71,.,73,64
2016,227819101,-1,76,.,86,92,62,.,72,52
2016,227820001,-1,84,.,-1,88,70,.,84,78
2016,227820041,.,75,.,.,68,76,.,74,64
2016,227820042,.,77,.,-1,82,87,.,77,67
2016,227820043,.,73,.,63,94,84,.,74,69
2016,227820044,.,69,.,100,87,86,.,70,61
2016,227820101,-1,76,.,83,100,71,.,76,72
2016,227820102,.,61,.,.,-1,66,.,61,60
2016,227820103,.,72,.,.,-1,-1,.,72,68
2016,227820104,-1,66,.,-1,100,68,.,67,64
2016,227821101,88,61,.,57,76,33,.,48,54
2016,227824001,.,58,.,.,56,61,-1,60,53
2016,227824002,.,67,.,-1,70,62,.,67,48
2016,227825001,.,68,.,92,76,62,.,68,60
2016,227826101,-1,44,.,82,83,35,.,40,36
2016,227827001,.,.,.,.,.,.,.,.,.
2016,227828001,.,48,.,.,64,60,.,48,52
2016,227901002,97,78,-1,99,93,70,.,74,69
2016,227901004,63,68,.,79,86,71,-1,68,62
2016,227901005,89,78,-1,76,97,61,86,67,69
2016,227901006,76,67,.,73,52,66,-1,66,60
2016,227901007,57,66,.,69,83,60,-1,66,60
2016,227901008,67,68,.,76,77,56,-1,65,58
2016,227901009,92,85,-1,90,96,73,-1,81,77
2016,227901012,.,.,.,.,.,.,.,.,.
2016,227901013,91,90,.,96,96,76,-1,84,80
2016,227901014,-1,64,.,79,59,61,-1,62,55
2016,227901015,.,67,.,-1,91,-1,.,63,67
2016,227901017,94,74,-1,70,90,71,-1,73,66
2016,227901018,100,100,100,100,100,100,-1,100,100
2016,227901019,70,65,.,-1,74,51,-1,65,59
2016,227901025,.,33,.,.,-1,56,.,36,34
2016,227901026,.,27,.,-1,-1,-1,.,29,27
2016,227901027,.,.,.,.,.,.,.,.,.
2016,227901028,98,97,-1,97,100,92,.,95,89
2016,227901029,100,53,.,.,-1,63,.,54,54
2016,227901030,.,.,.,.,.,-1,.,-1,-1
2016,227901032,.,.,.,.,.,.,.,.,.
2016,227901035,.,.,.,.,.,.,.,.,.
2016,227901036,.,.,.,.,.,.,.,.,.
2016,227901043,68,63,.,81,94,57,100,59,40
2016,227901044,99,70,-1,94,99,50,-1,51,34
2016,227901045,84,73,-1,81,93,59,-1,62,57
2016,227901046,62,45,.,60,48,45,.,44,34
2016,227901047,91,74,.,95,95,76,.,67,60
2016,227901051,100,56,.,-1,79,50,.,54,46
2016,227901052,88,74,.,82,91,70,100,70,56
2016,227901053,67,57,.,58,67,55,-1,57,49
2016,227901054,82,65,.,77,77,63,83,63,52
2016,227901055,41,49,.,63,49,42,.,47,37
2016,227901057,85,62,71,93,81,56,-1,61,49
2016,227901058,.,50,.,40,63,45,-1,49,40
2016,227901059,92,77,.,88,89,67,-1,66,57
2016,227901060,92,74,.,85,89,61,100,66,57
2016,227901061,97,62,71,86,86,59,-1,60,48
2016,227901062,96,94,.,98,96,93,-1,90,78
2016,227901064,77,49,.,-1,76,44,-1,48,38
2016,227901065,69,56,.,80,87,50,-1,54,46
2016,227901101,.,74,.,.,83,85,.,74,70
2016,227901102,.,66,.,.,80,66,.,67,64
2016,227901103,92,83,100,100,96,85,.,70,81
2016,227901104,-1,60,.,75,94,52,.,50,47
2016,227901105,-1,92,.,-1,95,87,-1,89,85
2016,227901106,.,71,.,-1,95,59,.,70,64
2016,227901107,100,62,.,93,91,56,.,54,61
2016,227901108,.,63,.,.,80,59,.,64,59
2016,227901109,.,66,.,-1,-1,79,.,66,63
2016,227901110,95,83,.,100,96,83,.,76,75
2016,227901111,.,74,.,-1,-1,68,.,71,62
2016,227901112,100,97,.,91,96,62,.,72,66
2016,227901113,91,56,.,65,86,41,.,54,42
2016,227901114,-1,72,.,100,92,48,100,72,61
2016,227901115,.,.,.,.,.,.,.,.,.
2016,227901116,-1,58,-1,-1,82,60,.,57,52
2016,227901117,-1,92,.,94,96,100,-1,95,77
2016,227901118,-1,62,.,-1,100,56,-1,62,60
2016,227901119,97,81,.,96,95,67,-1,68,81
2016,227901120,67,74,.,100,97,-1,.,73,64
2016,227901121,100,88,.,81,94,46,.,63,58
2016,227901122,-1,61,.,96,96,60,.,55,50
2016,227901123,85,79,.,100,91,76,.,74,63
2016,227901124,82,66,.,-1,-1,65,.,66,59
2016,227901125,100,66,.,.,-1,57,.,65,61
2016,227901126,.,86,.,-1,100,86,.,86,80
2016,227901127,91,67,.,100,89,73,-1,68,65
2016,227901128,.,82,.,82,99,45,.,57,59
2016,227901129,.,61,.,-1,57,55,.,59,53
2016,227901130,.,69,.,100,93,67,.,69,59
2016,227901131,.,.,.,.,.,.,.,.,.
2016,227901132,.,59,.,-1,89,-1,.,61,57
2016,227901133,-1,72,.,.,93,-1,-1,63,62
2016,227901136,100,80,.,100,79,-1,.,81,64
2016,227901138,85,70,.,86,88,41,.,70,65
2016,227901139,.,64,.,-1,70,50,.,58,56
2016,227901140,-1,60,.,86,89,42,.,54,48
2016,227901141,95,60,.,-1,41,59,.,59,57
2016,227901143,99,85,.,91,96,79,-1,81,79
2016,227901144,100,76,.,.,85,70,-1,76,75
2016,227901145,-1,70,.,-1,-1,72,.,70,60
2016,227901146,100,85,.,97,90,-1,.,76,64
2016,227901147,94,75,100,68,90,71,.,69,64
2016,227901148,96,65,.,84,95,64,-1,63,61
2016,227901149,.,64,.,100,67,73,.,64,57
2016,227901150,.,55,.,.,-1,38,.,46,38
2016,227901151,86,72,.,78,84,68,-1,72,63
2016,227901152,65,67,.,100,65,60,.,66,63
2016,227901154,84,88,-1,94,95,50,.,57,69
2016,227901155,95,87,.,94,96,76,.,84,75
2016,227901156,.,72,.,100,87,27,.,72,60
2016,227901157,.,68,.,-1,-1,67,.,67,65
2016,227901158,90,62,.,100,91,54,.,59,54
2016,227901159,100,90,.,100,100,88,-1,90,87
2016,227901160,53,69,.,73,72,88,.,69,62
2016,227901161,-1,74,.,-1,72,51,.,71,67
2016,227901162,.,61,.,-1,100,57,100,60,54
2016,227901163,100,86,.,.,100,89,-1,86,86
2016,227901164,.,49,.,.,75,54,.,50,46
2016,227901165,100,81,.,-1,83,95,.,82,81
2016,227901166,-1,69,.,58,73,59,.,67,55
2016,227901168,.,69,.,78,93,57,.,69,67
2016,227901170,100,77,.,100,92,63,-1,77,60
2016,227901171,-1,73,.,-1,100,83,.,72,66
2016,227901172,100,70,.,90,91,74,.,71,65
2016,227901173,100,71,.,89,88,55,.,68,60
2016,227901174,.,62,.,-1,86,55,.,60,55
2016,227901175,.,55,.,-1,-1,66,.,57,51
2016,227901176,.,62,.,.,89,63,.,61,52
2016,227901177,.,.,.,.,.,.,.,.,.
2016,227901178,.,60,.,-1,56,47,.,57,52
2016,227901179,93,66,-1,88,87,55,-1,57,52
2016,227901180,99,95,.,95,96,100,-1,93,91
2016,227901181,98,92,.,93,93,77,.,87,77
2016,227901182,100,86,.,94,93,68,-1,79,70
2016,227901183,100,88,.,94,93,85,-1,86,75
2016,227901184,95,94,.,100,95,70,.,89,78
2016,227901185,100,86,.,93,93,78,83,84,81
2016,227901186,86,82,.,.,100,57,-1,82,81
2016,227901187,91,86,.,96,95,70,.,72,73
2016,227901188,.,71,.,-1,73,86,.,72,70
2016,227901189,.,71,.,55,-1,69,.,71,66
2016,227901190,-1,72,.,-1,83,84,-1,72,67
2016,227901192,.,.,.,.,.,.,.,.,.
2016,227901193,.,68,.,-1,-1,-1,.,67,66
2016,227901194,.,.,.,.,.,.,.,.,.
2016,227901249,.,.,.,.,.,.,.,.,.
2016,227901250,.,.,.,.,.,.,.,.,.
2016,227901251,.,-1,.,.,68,-1,.,67,.
2016,227904001,92,80,-1,82,84,74,75,75,68
2016,227904003,86,68,-1,73,79,69,75,70,64
2016,227904004,93,82,84,88,93,79,89,77,69
2016,227904041,89,69,-1,72,86,64,78,65,51
2016,227904042,83,67,-1,72,77,57,-1,65,56
2016,227904043,92,79,.,94,84,71,100,70,60
2016,227904045,91,63,75,80,67,60,.,64,51
2016,227904046,97,85,-1,84,93,78,100,80,61
2016,227904048,92,77,100,80,92,80,-1,73,67
2016,227904101,83,76,-1,74,88,83,-1,69,65
2016,227904102,93,81,.,-1,79,83,.,80,76
2016,227904103,96,67,-1,94,88,70,.,66,59
2016,227904104,75,67,-1,75,68,51,.,59,45
2016,227904105,89,63,-1,100,71,66,.,66,62
2016,227904106,92,76,-1,80,83,60,.,65,56
2016,227904107,75,70,.,62,85,59,.,66,60
2016,227904108,90,79,.,75,91,54,.,57,55
2016,227904109,90,75,.,85,89,69,.,73,72
2016,227904110,.,.,.,.,.,.,.,.,.
2016,227904111,75,73,.,78,76,67,.,71,71
2016,227904112,86,89,.,90,93,75,-1,84,64
2016,227904113,.,.,.,.,.,.,.,.,.
2016,227904114,95,67,.,96,81,66,-1,63,60
2016,227904115,91,89,.,88,92,91,.,80,79
2016,227904116,90,84,-1,79,89,84,.,81,77
2016,227904117,93,77,.,-1,68,65,-1,76,68
2016,227904118,90,84,-1,91,87,82,71,80,74
2016,227904119,-1,76,.,71,93,78,-1,76,72
2016,227904120,86,80,.,71,94,69,-1,71,67
2016,227907001,71,63,-1,72,74,57,-1,62,53
2016,227907002,.,35,.,.,29,38,.,32,34
2016,227907004,100,90,-1,100,95,85,-1,88,81
2016,227907041,60,57,-1,56,70,55,-1,54,45
2016,227907042,88,61,100,72,78,61,.,61,51
2016,227907101,.,74,.,63,80,67,-1,72,69
2016,227907102,77,74,-1,58,79,63,.,68,62
2016,227907104,.,65,.,83,74,65,-1,63,63
2016,227907105,.,59,-1,-1,83,47,-1,56,56
2016,227907106,71,57,-1,-1,76,55,.,54,49
2016,227907107,100,55,.,-1,64,49,.,54,54
2016,227907108,85,77,.,63,89,63,.,69,73
2016,227907109,100,66,.,75,79,58,.,61,54
2016,227909001,99,96,.,98,97,79,100,94,85
2016,227909005,.,.,.,.,.,.,.,.,.
2016,227909041,98,91,-1,95,97,85,100,79,83
2016,227909042,97,92,.,98,96,100,-1,83,75
2016,227909101,98,90,.,91,93,100,-1,86,76
2016,227909102,95,92,.,97,95,88,-1,100,73
2016,227909103,100,91,.,100,93,-1,100,81,59
2016,227909104,100,99,.,96,97,.,.,.,88
2016,227909105,99,94,.,95,94,-1,.,100,91
2016,227909106,98,92,.,100,95,100,-1,91,74
2016,227910001,69,67,.,84,73,65,-1,67,58
2016,227910002,-1,43,.,.,53,37,-1,44,43
2016,227910005,.,.,.,.,.,.,.,.,.
2016,227910041,63,63,.,70,66,62,63,62,51
2016,227910042,-1,64,.,81,75,65,-1,63,49
2016,227910043,100,59,.,82,58,54,-1,58,48
2016,227910101,75,69,.,-1,62,93,100,68,58
2016,227910106,-1,65,.,63,76,51,-1,63,58
2016,227910107,.,68,.,100,-1,63,.,69,69
2016,227910108,-1,60,.,-1,-1,59,.,60,55
2016,227910109,-1,57,.,72,81,52,.,56,47
2016,227910110,85,63,.,-1,73,56,-1,62,56
2016,227910111,.,65,.,-1,57,70,-1,63,56
2016,227910112,-1,73,.,100,74,72,.,72,68
2016,227912001,-1,79,-1,56,83,83,-1,66,66
2016,227912002,.,.,.,.,.,.,.,.,.
2016,227912041,100,71,-1,65,81,-1,-1,66,53
2016,227912101,.,88,-1,100,88,.,-1,79,78
2016,227913001,99,84,.,94,94,80,100,74,82
2016,227913002,.,.,.,.,.,.,.,.,.
2016,227913041,97,89,100,92,95,86,-1,82,79
2016,227913042,96,83,.,99,94,86,90,77,73
2016,227913101,100,79,.,100,92,55,-1,74,70
2016,227913102,98,92,.,92,93,73,100,86,75
2016,227913103,98,79,.,89,93,89,-1,84,70
2016,227913104,96,93,.,83,97,89,-1,95,80
2016,227913105,95,80,.,94,95,77,100,70,65
2016,227913106,100,90,.,96,92,-1,.,88,73
2017,227803001,91,55,.,95,84,78,-1,54,46
2017,227803101,100,68,.,75,88,50,-1,63,55
2017,227803102,100,60,-1,100,89,34,.,56,54
2017,227803103,.,49,.,63,100,-1,.,51,49
2017,227804101,94,77,.,76,93,80,.,76,74
2017,227804102,100,66,.,93,95,77,.,78,73
2017,227805041,-1,83,.,.,.,82,.,80,61
2017,227805101,.,48,.,100,.,69,.,58,40
2017,227806005,.,-1,.,.,.,.,.,-1,-1
2017,227806009,.,.,.,.,.,.,.,.,.
2017,227806015,.,-1,.,.,.,.,.,-1,-1
2017,227806017,-1,-1,.,.,.,.,.,.,-1
2017,227806023,.,.,.,.,.,.,.,.,.
2017,227806024,.,.,.,.,-1,.,.,.,-1
2017,227806025,.,-1,.,.,-1,30,.,30,30
2017,227806029,.,.,.,.,.,.,.,.,.
2017,227806030,.,.,.,.,.,.,.,.,.
2017,227806031,.,82,-1,100,100,86,-1,-1,.
2017,227806032,.,.,.,.,.,.,.,.,.
2017,227806034,.,.,.,.,.,.,.,.,.
2017,227806035,.,.,.,.,.,.,.,.,.
2017,227806037,.,.,.,.,.,.,.,.,.
2017,227806040,.,.,.,.,.,.,.,.,.
2017,227806041,.,.,.,.,.,.,.,.,.
2017,227806042,.,.,.,.,.,.,.,.,.
2017,227806043,.,.,.,-1,100,.,.,.,100
2017,227806044,.,-1,.,.,-1,.,.,-1,-1
2017,227806045,.,.,-1,.,.,.,.,-1,-1
2017,227806046,.,.,.,.,.,.,.,.,.
2017,227806047,.,-1,.,.,-1,-1,.,-1,-1
2017,227814001,92,97,100,89,97,92,-1,.,77
2017,227816001,77,66,.,56,86,71,.,67,61
2017,227816002,93,77,.,82,90,88,-1,80,71
2017,227816003,85,60,.,72,87,59,.,59,59
2017,227816004,88,80,.,72,88,77,63,72,69
2017,227816005,100,69,.,69,87,71,.,68,63
2017,227816101,95,68,.,86,80,59,.,68,60
2017,227817001,94,81,.,-1,97,74,.,80,68
2017,227817101,.,73,.,-1,56,68,.,73,62
2017,227819101,100,69,.,100,89,73,.,70,70
2017,227820001,-1,77,.,-1,-1,71,.,77,66
2017,227820002,.,66,.,.,100,-1,.,67,59
2017,227820041,.,72,.,-1,65,80,.,70,61
2017,227820042,.,80,.,100,81,77,.,79,68
2017,227820043,.,71,.,70,73,80,.,71,60
2017,227820044,-1,64,.,78,86,76,.,64,57
2017,227820101,-1,67,.,83,100,84,.,66,67
2017,227820102,-1,64,.,.,.,48,.,62,65
2017,227820103,-1,62,.,-1,-1,50,.,60,58
2017,227820104,-1,61,.,-1,50,59,.,59,57
2017,227821101,56,62,.,60,79,36,.,51,60
2017,227824001,.,69,.,.,45,85,.,70,57
2017,227824002,.,65,.,-1,58,60,.,64,58
2017,227825001,.,71,.,85,86,66,.,70,62
2017,227826101,-1,48,.,92,86,55,.,40,28
2017,227827001,.,.,.,.,.,.,.,.,.
2017,227828001,-1,56,.,.,71,-1,.,71,52
2017,227828002,.,.,.,.,.,.,.,.,.
2017,227901002,95,80,-1,94,94,75,.,74,71
2017,227901004,92,65,.,77,80,61,-1,65,58
2017,227901005,95,81,.,93,96,71,-1,73,73
2017,227901006,62,65,.,87,77,65,-1,66,58
2017,227901007,60,67,.,-1,79,64,.,65,60
2017,227901008,85,68,.,91,76,61,86,66,58
2017,227901009,90,83,100,88,95,70,100,75,73
2017,227901012,.,.,.,.,.,.,.,.,.
2017,227901013,95,91,-1,98,97,87,83,87,83
2017,227901014,-1,68,.,67,60,66,-1,68,59
2017,227901015,.,85,.,-1,89,-1,.,85,80
2017,227901017,88,70,-1,78,88,65,-1,67,60
2017,227901018,100,100,-1,100,100,100,.,100,100
2017,227901019,-1,64,.,-1,69,42,-1,60,55
2017,227901025,.,28,.,.,.,-1,.,27,28
2017,227901026,.,47,.,-1,-1,40,-1,52,42
2017,227901027,.,.,.,.,.,.,.,.,.
2017,227901028,98,96,-1,96,98,98,-1,95,89
2017,227901029,-1,50,.,.,-1,-1,.,51,50
2017,227901030,.,.,.,.,.,.,.,.,.
2017,227901032,.,.,.,.,.,.,.,.,.
2017,227901035,.,.,.,.,.,-1,.,-1,-1
2017,227901036,.,.,.,.,.,.,.,.,.
2017,227901043,75,65,.,87,95,45,100,57,42
2017,227901044,99,73,100,98,98,54,-1,56,39
2017,227901045,84,70,.,93,94,63,-1,58,55
2017,227901046,47,47,-1,58,51,50,-1,47,40
2017,227901047,80,72,-1,87,95,76,-1,65,60
2017,227901051,100,54,-1,-1,-1,40,.,51,43
2017,227901052,93,76,-1,86,92,67,.,66,61
2017,227901053,-1,54,.,70,63,59,-1,55,46
2017,227901054,89,62,.,61,70,53,.,60,49
2017,227901055,49,58,.,71,56,54,.,57,50
2017,227901057,88,64,-1,81,88,55,.,63,53
2017,227901058,.,47,.,-1,79,45,-1,47,38
2017,227901059,88,78,88,94,88,64,-1,69,61
2017,227901060,92,74,-1,89,89,65,82,66,59
2017,227901061,90,65,.,92,88,65,47,65,54
2017,227901062,97,94,-1,97,97,79,100,83,76
2017,227901064,52,59,.,78,90,48,-1,55,47
2017,227901065,-1,56,.,100,82,43,-1,54,43
2017,227901101,.,76,.,.,-1,70,.,76,72
2017,227901102,38,63,.,.,100,58,.,62,60
2017,227901103,94,79,.,77,94,78,.,58,60
2017,227901104,100,65,.,-1,91,39,.,47,47
2017,227901105,-1,84,.,82,97,82,-1,81,76
2017,227901106,.,69,.,100,83,65,.,65,64
2017,227901107,-1,69,.,97,91,55,.,61,60
2017,227901108,.,57,.,.,93,70,.,60,52
2017,227901109,-1,62,.,-1,-1,63,.,58,57
2017,227901110,100,88,.,92,93,90,.,79,71
2017,227901111,.,71,.,100,-1,64,.,69,64
2017,227901112,95,94,.,98,95,82,.,89,59
2017,227901113,56,58,.,69,71,54,.,55,34
2017,227901114,-1,75,.,100,83,59,.,71,63
2017,227901115,.,.,.,.,.,.,.,.,.
2017,227901116,-1,43,.,-1,-1,40,.,41,36
2017,227901117,-1,85,-1,97,97,100,-1,83,63
2017,227901118,63,66,.,83,80,58,-1,64,61
2017,227901119,100,84,.,96,97,-1,.,67,80
2017,227901120,-1,78,.,100,93,-1,.,73,65
2017,227901121,92,91,.,77,96,50,.,75,71
2017,227901122,92,58,.,77,93,55,.,47,40
2017,227901123,97,78,.,94,94,80,-1,78,72
2017,227901124,100,57,.,.,-1,46,.,55,51
2017,227901125,-1,63,.,.,83,65,.,64,56
2017,227901126,-1,81,.,81,100,96,.,82,77
2017,227901127,63,71,.,83,67,58,.,70,66
2017,227901128,.,72,.,87,96,63,.,62,48
2017,227901129,.,77,.,-1,55,52,.,68,68
2017,227901130,.,70,.,-1,94,73,.,70,57
2017,227901131,.,.,.,.,.,.,.,.,.
2017,227901132,-1,68,.,.,92,63,.,69,65
2017,227901133,100,76,.,-1,96,-1,.,61,67
2017,227901136,100,76,.,100,91,-1,.,75,63
2017,227901138,83,74,.,94,91,48,.,73,68
2017,227901139,.,70,.,-1,63,47,.,61,62
2017,227901140,-1,73,.,89,83,45,.,65,62
2017,227901141,100,59,.,-1,48,58,.,58,56
2017,227901143,94,74,-1,85,89,49,.,65,60
2017,227901144,-1,80,.,.,94,58,-1,80,80
2017,227901145,100,72,.,-1,-1,66,.,71,59
2017,227901146,100,78,.,100,89,57,.,73,46
2017,227901147,94,69,-1,74,84,60,.,65,55
2017,227901148,95,66,.,88,94,85,-1,61,60
2017,227901149,.,65,.,-1,82,65,.,64,59
2017,227901150,.,75,.,.,-1,65,.,70,65
2017,227901151,92,63,.,96,87,67,-1,67,57
2017,227901152,56,68,.,100,95,45,.,66,61
2017,227901154,85,87,100,91,96,86,.,64,62
2017,227901155,97,85,-1,90,93,56,.,71,62
2017,227901156,.,71,.,100,90,47,.,70,65
2017,227901157,.,61,.,.,-1,71,.,60,58
2017,227901158,100,56,.,85,87,50,.,49,49
2017,227901159,100,85,.,82,87,82,.,84,80
2017,227901160,55,66,.,-1,82,77,.,65,57
2017,227901161,-1,77,.,-1,68,55,-1,74,73
2017,227901162,.,58,.,-1,100,62,-1,58,55
2017,227901163,74,84,.,83,80,69,-1,83,83
2017,227901164,-1,56,.,.,65,65,.,57,54
2017,227901165,-1,83,.,.,-1,83,.,83,83
2017,227901166,100,63,.,57,62,64,.,62,48
2017,227901168,-1,71,.,-1,91,62,.,71,69
2017,227901170,100,79,.,86,91,60,.,74,56
2017,227901171,90,73,.,-1,100,68,.,70,66
2017,227901172,100,62,.,84,88,49,.,61,50
2017,227901173,79,67,.,79,79,50,.,65,46
2017,227901174,-1,61,.,-1,-1,32,.,58,53
2017,227901175,.,52,.,-1,-1,50,.,53,48
2017,227901176,.,66,.,.,78,47,.,65,60
2017,227901177,.,.,.,.,.,.,.,.,.
2017,227901178,.,69,.,.,75,63,-1,68,64
2017,227901179,89,69,-1,78,89,40,-1,62,55
2017,227901180,100,96,.,98,96,100,-1,78,85
2017,227901181,99,93,.,98,96,80,.,82,81
2017,227901182,95,86,.,96,92,78,-1,79,62
2017,227901183,97,86,.,91,91,60,-1,78,67
2017,227901184,94,91,.,94,94,55,.,95,69
2017,227901185,94,85,.,91,92,80,-1,84,80
2017,227901186,80,81,.,-1,100,69,-1,81,80
2017,227901187,95,75,.,88,93,92,-1,63,55
2017,227901188,.,74,.,100,100,88,.,75,73
2017,227901189,.,70,.,83,67,68,.,70,68
2017,227901190,.,67,.,45,92,62,-1,66,61
2017,227901192,.,.,.,.,.,.,.,.,.
2017,227901193,.,60,.,-1,-1,-1,.,58,57
2017,227901194,.,.,.,.,.,.,.,.,.
2017,227901249,.,.,.,.,.,.,.,.,.
2017,227901250,.,.,.,.,.,.,.,.,.
2017,227901251,.,-1,.,.,58,-1,.,72,.
2017,227904001,95,78,-1,79,84,74,80,75,72
2017,227904003,88,64,92,69,81,64,53,66,65
2017,227904004,94,80,92,91,91,77,-1,75,75
2017,227904008,.,.,.,.,.,.,.,.,.
2017,227904041,89,71,-1,77,89,66,-1,64,58
2017,227904042,83,64,-1,73,86,60,-1,62,48
2017,227904043,94,82,.,92,89,74,89,76,63
2017,227904045,90,59,-1,73,62,59,.,60,51
2017,227904046,95,84,.,84,93,80,-1,77,76
2017,227904048,92,78,-1,89,92,78,75,75,65
2017,227904101,92,76,.,91,85,65,.,70,68
2017,227904102,88,78,.,80,80,74,.,75,71
2017,227904103,95,70,-1,96,89,54,.,66,71
2017,227904104,89,63,-1,73,69,53,.,62,43
2017,227904105,91,66,.,78,65,60,.,65,54
2017,227904106,79,74,-1,71,84,75,-1,71,73
2017,227904107,.,74,.,100,80,64,.,72,65
2017,227904108,89,72,.,79,88,60,-1,64,65
2017,227904109,90,71,.,71,87,60,.,69,57
2017,227904110,.,.,.,.,.,.,.,.,.
2017,227904111,88,79,.,60,88,62,.,76,76
2017,227904112,91,87,.,90,92,66,100,82,72
2017,227904113,.,.,.,.,.,.,.,.,.
2017,227904114,79,73,.,84,77,51,-1,67,59
2017,227904115,97,88,.,92,92,90,.,83,88
2017,227904116,95,82,83,86,88,80,-1,79,78
2017,227904117,87,68,.,69,91,39,-1,68,61
2017,227904118,90,84,100,82,89,74,100,73,80
2017,227904119,73,79,.,.,96,77,-1,77,75
2017,227904120,92,75,-1,93,87,56,.,64,63
2017,227907001,56,63,-1,73,69,59,-1,61,54
2017,227907002,.,40,.,.,-1,18,.,34,33
2017,227907004,95,84,.,100,91,82,-1,83,73
2017,227907041,77,52,-1,43,67,40,-1,47,37
2017,227907042,77,61,100,76,82,61,.,61,52
2017,227907101,-1,68,.,-1,79,63,-1,66,62
2017,227907102,75,71,.,77,76,61,.,67,62
2017,227907104,.,61,.,-1,100,58,-1,60,57
2017,227907105,-1,62,.,45,79,43,.,59,57
2017,227907106,59,52,-1,69,81,50,.,48,47
2017,227907107,60,62,.,-1,82,40,-1,58,57
2017,227907108,88,71,.,67,98,73,.,75,67
2017,227907109,95,68,.,74,77,63,.,62,59
2017,227909001,98,98,-1,99,97,88,100,97,86
2017,227909005,.,.,.,.,.,.,.,.,.
2017,227909041,98,91,.,98,97,88,90,86,80
2017,227909042,98,94,.,99,96,100,.,80,76
2017,227909101,96,90,.,90,92,100,.,100,71
2017,227909102,100,93,.,92,96,86,-1,100,82
2017,227909103,100,92,.,100,92,-1,-1,86,69
2017,227909104,96,98,.,96,97,-1,.,-1,92
2017,227909105,99,97,.,98,95,.,.,-1,98
2017,227909106,98,92,.,100,95,-1,.,86,72
2017,227910001,68,68,-1,78,75,69,57,66,60
2017,227910002,-1,44,.,-1,80,43,.,46,46
2017,227910041,74,65,.,76,62,61,71,63,55
2017,227910042,-1,57,.,83,73,51,.,57,45
2017,227910043,-1,59,.,88,55,58,.,59,48
2017,227910101,89,62,.,74,79,65,100,61,53
2017,227910106,-1,64,.,100,69,65,.,64,58
2017,227910107,.,62,.,-1,69,95,.,64,60
2017,227910108,56,59,.,-1,-1,49,.,58,51
2017,227910109,100,58,.,89,71,48,.,54,45
2017,227910110,79,64,.,70,87,52,.,62,57
2017,227910111,.,61,-1,-1,69,-1,.,61,57
2017,227910112,-1,68,.,93,74,63,-1,68,61
2017,227912001,-1,77,-1,85,83,.,-1,68,69
2017,227912041,100,72,100,67,83,100,-1,69,54
2017,227912101,.,78,.,100,73,-1,.,57,58
2017,227912102,.,89,-1,96,87,-1,-1,78,72
2017,227913001,98,86,-1,88,95,83,89,79,83
2017,227913041,100,88,100,97,95,80,100,89,80
2017,227913042,100,85,.,97,96,81,100,78,78
2017,227913101,90,71,.,100,93,64,.,72,65
2017,227913102,98,84,.,97,95,71,-1,95,82
2017,227913103,99,84,.,94,92,79,-1,78,71
2017,227913104,100,90,.,100,96,100,-1,86,79
2017,227913105,100,92,.,92,92,-1,-1,80,68
2017,227913106,97,87,.,86,93,-1,-1,76,80
2018,227803001,-1,58,.,-1,80,67,-1,56,51
2018,227803101,100,72,.,84,84,59,.,67,62
2018,227803102,-1,65,-1,-1,79,-1,.,61,59
2018,227803103,-1,47,.,-1,62,-1,.,41,39
2018,227804101,99,79,.,87,94,78,.,76,72
2018,227804102,100,71,.,-1,95,-1,.,78,70
2018,227805041,.,-1,.,-1,.,68,.,66,-1
2018,227805101,.,.,.,.,.,.,.,.,.
2018,227806005,.,-1,.,.,-1,.,.,-1,-1
2018,227806009,.,.,.,.,-1,.,.,.,.
2018,227806015,.,.,.,.,.,.,.,.,.
2018,227806017,.,-1,.,.,.,.,.,.,-1
2018,227806023,.,.,.,.,.,.,.,.,.
2018,227806024,.,.,.,.,.,.,.,.,.
2018,227806025,.,-1,.,-1,.,-1,.,-1,-1
2018,227806029,.,.,.,.,.,.,.,.,.
2018,227806030,.,.,.,.,.,.,.,.,.
2018,227806031,.,-1,.,-1,92,-1,-1,.,-1
2018,227806032,.,.,.,.,.,.,.,.,.
2018,227806034,.,.,.,.,.,.,.,.,.
2018,227806037,.,.,.,.,.,.,.,.,.
2018,227806040,.,.,.,.,.,.,.,.,.
2018,227806041,.,.,.,.,.,.,.,.,.
2018,227806043,.,-1,.,-1,-1,.,.,-1,-1
2018,227806044,.,.,.,.,-1,.,.,.,.
2018,227806045,.,.,.,.,.,.,.,.,.
2018,227806046,.,-1,.,.,.,.,.,-1,-1
2018,227806049,.,.,.,.,.,.,.,.,.
2018,227814001,91,93,-1,100,96,91,-1,.,78
2018,227816001,81,62,.,71,69,68,.,63,60
2018,227816002,90,76,.,93,79,80,-1,76,71
2018,227816003,84,71,.,91,87,69,.,70,72
2018,227816004,91,79,.,85,87,83,-1,81,78
2018,227816005,-1,70,.,-1,88,79,.,69,68
2018,227816006,86,73,.,80,77,68,-1,62,55
2018,227816101,100,69,.,-1,72,81,.,69,65
2018,227817001,-1,75,.,-1,97,83,.,75,60
2018,227817101,.,76,.,-1,-1,69,.,74,72
2018,227819101,-1,78,.,100,92,75,.,76,69
2018,227820001,-1,79,.,.,-1,-1,.,79,71
2018,227820002,.,67,.,-1,-1,-1,.,68,59
2018,227820041,-1,78,.,-1,-1,88,.,77,65
2018,227820042,.,81,.,-1,-1,-1,-1,80,74
2018,227820043,-1,76,.,-1,-1,-1,.,74,66
2018,227820044,-1,68,.,-1,100,67,.,68,64
2018,227820101,.,69,.,.,100,-1,.,69,69
2018,227820102,-1,68,.,-1,-1,53,-1,65,67
2018,227820103,.,75,.,-1,-1,-1,.,72,68
2018,227820104,.,66,.,-1,-1,56,.,64,62
2018,227821101,-1,63,.,69,85,-1,-1,61,69
2018,227824001,.,66,.,-1,-1,-1,.,70,53
2018,227824002,.,65,.,.,-1,54,.,65,57
2018,227825001,.,70,.,-1,89,60,.,70,60
2018,227826101,-1,62,.,-1,92,80,.,55,-1
2018,227827001,.,-1,.,.,.,-1,.,-1,.
2018,227828001,-1,-1,.,-1,-1,-1,.,-1,56
2018,227828002,.,.,.,.,.,.,.,.,.
2018,227901002,93,80,.,95,95,74,-1,75,73
2018,227901004,93,67,.,93,85,70,.,69,64
2018,227901005,98,86,.,98,96,82,-1,81,78
2018,227901006,-1,71,.,-1,77,61,-1,70,64
2018,227901007,-1,69,.,-1,79,66,.,69,62
2018,227901008,-1,71,-1,100,82,65,-1,70,61
2018,227901009,90,82,-1,82,94,75,-1,74,72
2018,227901012,.,.,.,.,.,.,.,.,.
2018,227901013,97,91,-1,99,97,92,-1,87,81
2018,227901014,-1,63,.,-1,-1,63,.,63,56
2018,227901015,.,-1,.,-1,-1,-1,.,-1,-1
2018,227901017,88,74,-1,85,90,69,-1,73,67
2018,227901018,100,100,-1,100,100,100,-1,99,97
2018,227901019,-1,58,.,-1,-1,-1,.,56,50
2018,227901025,.,-1,.,.,-1,-1,.,-1,-1
2018,227901026,.,-1,.,-1,-1,-1,.,-1,-1
2018,227901027,.,.,.,.,.,.,.,.,.
2018,227901028,100,93,-1,100,99,89,-1,92,87
2018,227901029,.,45,.,.,-1,-1,.,46,45
2018,227901030,.,.,.,.,.,.,.,.,.
2018,227901032,.,.,.,.,.,.,.,.,.
2018,227901035,.,-1,.,.,.,-1,.,-1,-1
2018,227901036,.,.,.,.,.,.,.,.,.
2018,227901043,74,61,.,91,95,41,-1,55,41
2018,227901044,100,76,.,94,98,63,.,66,47
2018,227901045,90,74,-1,88,93,59,-1,60,59
2018,227901046,83,55,.,-1,63,55,-1,55,48
2018,227901047,93,67,-1,84,94,76,-1,63,58
2018,227901051,81,56,.,-1,-1,39,.,54,47
2018,227901052,94,72,-1,91,91,64,-1,63,55
2018,227901053,-1,56,.,-1,50,54,-1,55,47
2018,227901054,89,65,.,75,76,66,.,64,54
2018,227901055,-1,57,.,-1,47,63,.,57,48
2018,227901057,86,67,-1,76,90,58,-1,66,57
2018,227901058,.,48,.,-1,-1,45,-1,46,39
2018,227901059,89,77,-1,93,90,52,-1,67,60
2018,227901060,90,73,-1,88,91,61,-1,64,58
2018,227901061,90,65,.,86,88,62,-1,63,54
2018,227901062,96,93,-1,96,96,83,-1,76,74
2018,227901064,-1,62,.,-1,-1,54,-1,58,52
2018,227901065,-1,54,.,-1,-1,46,.,52,43
2018,227901101,.,76,.,.,.,71,.,76,71
2018,227901102,-1,61,.,-1,-1,64,.,61,61
2018,227901103,100,85,.,95,96,-1,.,78,75
2018,227901104,-1,73,.,-1,94,-1,.,58,57
2018,227901105,.,85,.,76,100,82,.,83,78
2018,227901106,.,68,.,-1,94,-1,.,63,60
2018,227901107,-1,67,.,100,93,-1,.,52,62
2018,227901108,.,71,.,.,-1,-1,.,75,73
2018,227901109,-1,68,.,.,-1,93,.,70,68
2018,227901110,83,90,-1,93,94,-1,.,85,66
2018,227901111,.,72,.,-1,65,60,.,64,61
2018,227901112,87,92,.,100,94,-1,.,88,67
2018,227901113,-1,65,.,83,89,-1,.,62,61
2018,227901114,-1,67,.,-1,91,63,.,64,58
2018,227901115,.,.,.,.,.,.,.,.,.
2018,227901116,.,66,.,100,-1,-1,.,63,63
2018,227901117,-1,95,-1,93,97,88,.,83,95
2018,227901118,-1,66,.,-1,-1,49,-1,64,61
2018,227901119,100,78,.,100,95,-1,.,62,69
2018,227901120,-1,61,.,-1,94,.,.,62,-1
2018,227901121,86,92,.,76,94,-1,.,74,61
2018,227901122,100,66,.,86,93,-1,.,54,48
2018,227901123,97,81,.,91,98,-1,-1,80,81
2018,227901124,-1,69,.,.,-1,-1,.,66,66
2018,227901125,-1,52,.,-1,-1,64,.,55,52
2018,227901126,-1,85,.,-1,100,84,.,86,80
2018,227901127,-1,71,.,-1,-1,-1,.,72,69
2018,227901128,.,70,.,-1,97,72,.,65,-1
2018,227901129,.,78,.,-1,-1,67,.,73,71
2018,227901130,.,77,.,-1,100,-1,-1,75,71
2018,227901131,.,.,.,.,.,.,.,.,.
2018,227901132,-1,74,.,-1,-1,-1,.,72,69
2018,227901133,-1,72,.,-1,91,-1,.,56,57
2018,227901136,-1,79,.,-1,86,-1,.,77,68
2018,227901138,85,73,-1,94,86,-1,.,71,71
2018,227901139,.,85,.,-1,-1,-1,.,77,76
2018,227901140,-1,68,-1,64,93,-1,.,64,61
2018,227901141,86,62,.,-1,-1,-1,.,60,59
2018,227901143,91,69,-1,86,87,-1,.,61,58
2018,227901144,.,77,.,.,95,-1,-1,77,76
2018,227901145,-1,77,.,-1,.,73,.,75,65
2018,227901146,92,81,.,100,89,-1,.,67,70
2018,227901147,90,70,-1,79,83,-1,.,66,58
2018,227901148,94,68,.,94,92,-1,-1,64,62
2018,227901149,-1,68,.,-1,-1,-1,.,66,63
2018,227901150,.,82,-1,-1,.,74,.,78,71
2018,227901151,-1,66,.,-1,76,-1,-1,62,56
2018,227901152,-1,64,.,-1,-1,-1,.,62,58
2018,227901154,89,81,-1,97,95,80,.,66,66
2018,227901155,95,93,.,98,93,83,.,89,79
2018,227901156,.,72,.,.,85,-1,.,69,65
2018,227901157,-1,73,.,.,.,-1,-1,69,70
2018,227901158,100,59,.,-1,89,-1,.,56,55
2018,227901159,.,89,.,.,97,93,-1,89,88
2018,227901160,-1,71,.,-1,90,80,.,73,68
2018,227901161,.,81,.,-1,64,76,.,80,78
2018,227901162,.,62,-1,.,-1,-1,.,63,58
2018,227901163,73,82,.,-1,68,78,.,81,81
2018,227901164,-1,62,.,.,79,67,-1,63,61
2018,227901165,.,85,.,.,-1,-1,.,84,83
2018,227901166,92,72,.,-1,71,-1,.,71,64
2018,227901168,-1,70,.,.,60,-1,.,71,68
2018,227901170,-1,76,.,76,91,-1,.,73,63
2018,227901171,100,81,-1,-1,-1,-1,.,77,75
2018,227901172,100,60,.,97,84,62,.,62,51
2018,227901173,-1,70,.,68,88,-1,.,69,61
2018,227901174,-1,68,.,-1,-1,-1,.,67,65
2018,227901175,.,65,.,-1,-1,-1,.,62,61
2018,227901176,.,71,.,-1,81,83,.,71,66
2018,227901177,.,.,.,.,.,.,.,.,.
2018,227901178,.,73,.,-1,-1,73,-1,71,70
2018,227901179,94,70,-1,88,92,-1,.,68,65
2018,227901180,100,94,.,98,97,-1,-1,93,91
2018,227901181,100,90,.,96,94,95,.,82,66
2018,227901182,93,86,.,96,95,100,-1,82,72
2018,227901183,90,84,.,94,89,72,.,75,61
2018,227901184,97,95,-1,93,95,-1,.,-1,77
2018,227901185,96,84,.,93,89,83,-1,82,81
2018,227901186,-1,85,.,-1,100,-1,-1,84,83
2018,227901187,99,81,.,88,92,92,-1,65,67
2018,227901188,.,82,.,-1,.,82,.,81,81
2018,227901189,.,72,.,-1,-1,70,.,71,68
2018,227901190,.,72,.,-1,90,-1,-1,72,69
2018,227901192,.,.,.,.,.,.,.,.,.
2018,227901193,.,61,.,-1,-1,-1,.,62,60
2018,227901194,.,.,.,.,.,.,.,.,.
2018,227901250,.,.,.,.,.,.,.,.,.
2018,227901251,.,-1,.,.,-1,-1,.,-1,-1
2018,227904001,90,79,.,75,89,79,-1,75,69
2018,227904003,75,62,-1,74,70,65,-1,63,56
2018,227904004,93,85,-1,90,91,81,-1,78,73
2018,227904005,90,78,-1,86,91,79,-1,75,70
2018,227904008,.,.,.,.,.,.,.,.,.
2018,227904041,93,72,-1,77,85,67,-1,68,57
2018,227904042,83,67,-1,63,76,58,-1,63,54
2018,227904043,97,83,.,88,89,75,-1,78,68
2018,227904045,87,58,-1,-1,58,61,-1,60,49
2018,227904046,97,87,.,87,95,80,100,80,69
2018,227904048,93,76,.,93,89,76,-1,72,63
2018,227904101,90,80,.,90,86,82,-1,74,66
2018,227904102,89,87,.,-1,90,77,.,84,83
2018,227904103,90,71,-1,76,82,-1,.,70,61
2018,227904104,80,61,.,-1,82,57,.,62,50
2018,227904105,93,67,.,-1,68,59,.,66,60
2018,227904106,93,81,.,73,90,77,-1,78,67
2018,227904107,-1,79,.,-1,90,74,.,76,74
2018,227904108,94,74,.,84,91,72,.,73,66
2018,227904109,89,69,.,85,86,70,.,68,64
2018,227904110,.,.,.,.,.,.,.,.,.
2018,227904111,-1,77,.,-1,-1,61,.,74,71
2018,227904112,93,91,.,86,93,82,-1,85,68
2018,227904113,.,.,.,.,.,.,.,.,.
2018,227904114,-1,77,.,77,85,-1,-1,70,67
2018,227904115,97,89,.,97,95,91,.,84,79
2018,227904116,95,90,-1,85,91,85,-1,83,75
2018,227904117,92,75,.,-1,-1,62,-1,75,77
2018,227904118,97,86,-1,96,94,77,-1,84,73
2018,227904119,-1,79,.,.,94,85,.,78,77
2018,227904120,92,76,-1,88,90,70,.,72,63
2018,227904121,91,78,.,97,86,86,-1,76,68
2018,227907001,50,62,-1,58,69,59,-1,60,54
2018,227907002,.,-1,.,-1,-1,-1,-1,-1,-1
2018,227907004,94,89,.,-1,95,82,.,89,81
2018,227907041,-1,46,.,-1,52,38,-1,43,37
2018,227907042,79,58,-1,61,71,56,.,56,51
2018,227907043,91,75,100,66,82,67,-1,70,62
2018,227907101,-1,70,-1,-1,86,80,.,70,68
2018,227907102,64,66,.,82,83,66,.,65,63
2018,227907104,.,71,.,-1,100,63,-1,70,67
2018,227907105,-1,78,.,-1,84,65,.,75,75
2018,227907106,74,59,-1,-1,69,52,.,57,56
2018,227907107,-1,72,.,-1,92,58,-1,70,69
2018,227907108,86,66,-1,92,86,71,.,70,67
2018,227907109,100,77,.,-1,76,68,.,68,69
2018,227907110,.,.,.,.,.,.,.,.,.
2018,227907111,-1,74,.,-1,-1,70,.,70,68
2018,227909001,99,95,-1,96,97,92,-1,87,81
2018,227909005,.,.,.,.,.,.,.,.,.
2018,227909041,99,95,-1,98,96,-1,-1,96,80
2018,227909042,97,91,.,99,96,-1,-1,76,77
2018,227909101,96,85,.,94,93,-1,.,-1,76
2018,227909102,95,86,.,98,96,-1,.,-1,72
2018,227909103,100,83,.,100,95,.,-1,76,63
2018,227909104,97,96,.,100,98,-1,.,-1,-1
2018,227909105,98,97,.,100,96,-1,.,-1,93
2018,227909106,100,96,.,97,98,-1,.,94,87
2018,227910001,-1,66,-1,85,68,67,-1,65,57
2018,227910002,-1,-1,.,.,-1,-1,.,-1,-1
2018,227910041,74,63,.,91,82,53,-1,63,55
2018,227910042,-1,56,.,70,67,42,.,55,48
2018,227910043,-1,59,.,88,63,57,-1,59,49
2018,227910101,-1,64,.,72,76,-1,-1,64,56
2018,227910106,.,66,.,-1,71,-1,.,65,65
2018,227910107,.,62,.,-1,-1,-1,.,62,56
2018,227910108,-1,66,.,-1,-1,53,.,63,61
2018,227910109,-1,62,.,-1,65,56,.,59,50
2018,227910110,-1,62,.,-1,90,54,.,59,56
2018,227910111,.,65,.,-1,66,-1,.,65,62
2018,227910112,-1,70,.,96,77,74,.,71,67
2018,227912001,-1,79,.,89,85,-1,.,69,66
2018,227912041,-1,71,-1,77,87,-1,-1,67,62
2018,227912101,.,76,.,100,92,.,-1,79,57
2018,227912102,.,90,-1,98,87,.,.,81,73
2018,227913001,98,83,-1,90,94,-1,-1,76,80
2018,227913041,98,89,100,94,94,78,100,83,70
2018,227913042,98,86,.,96,95,86,100,78,77
2018,227913101,91,68,.,100,89,-1,.,65,61
2018,227913102,97,85,.,91,94,-1,-1,90,68
2018,227913103,98,83,.,97,92,-1,.,75,71
2018,227913104,99,92,.,100,95,91,-1,91,72
2018,227913105,91,90,.,98,93,-1,-1,90,73
2018,227913106,100,86,-1,88,90,-1,.,72,64
2019,227803001,100,58,.,53,74,58,-1,57,50
2019,227803101,80,73,.,83,87,73,.,65,68
2019,227803102,-1,73,.,88,88,63,.,71,70
2019,227803103,100,55,.,38,87,48,.,53,54
2019,227804101,98,76,.,93,97,81,.,78,69
2019,227804102,93,67,.,100,87,56,-1,67,68
2019,227805041,.,58,.,75,.,69,.,65,47
2019,227805101,.,.,.,.,.,.,.,.,.
2019,227806005,.,.,.,.,.,.,.,.,.
2019,227806009,.,.,.,.,.,.,.,.,.
2019,227806015,.,.,.,.,.,.,.,.,.
2019,227806017,.,-1,.,.,.,.,.,-1,-1
2019,227806023,.,.,.,.,.,.,.,.,.
2019,227806024,.,.,.,.,.,.,.,.,.
2019,227806025,.,39,.,.,.,19,.,30,27
2019,227806029,.,.,.,.,.,.,.,.,.
2019,227806030,.,.,.,.,.,.,.,.,.
2019,227806031,.,93,.,-1,94,88,80,-1,-1
2019,227806032,.,.,.,.,.,.,.,.,.
2019,227806034,.,.,.,.,.,.,.,.,.
2019,227806037,.,.,.,.,.,.,.,.,.
2019,227806040,.,-1,.,.,.,.,.,.,.
2019,227806041,.,.,.,.,.,.,.,.,.
2019,227806043,.,57,.,.,54,.,.,-1,55
2019,227806044,.,.,.,.,.,.,.,.,.
2019,227806045,.,.,.,.,.,.,.,.,.
2019,227806046,.,-1,.,.,.,.,.,.,-1
2019,227806049,.,.,.,.,.,.,.,.,.
2019,227806051,.,.,.,.,.,.,.,.,.
2019,227806052,.,.,.,.,.,.,.,.,.
2019,227814001,97,95,-1,100,96,93,-1,.,87
2019,227816001,86,61,.,67,67,65,.,63,57
2019,227816002,91,77,.,88,90,76,-1,77,75
2019,227816003,88,71,.,94,89,86,.,78,72
2019,227816004,90,79,.,57,90,81,.,81,74
2019,227816005,100,66,.,-1,89,78,.,65,61
2019,227816006,91,82,100,84,88,70,.,84,69
2019,227816101,100,76,100,75,92,78,.,77,72
2019,227817001,100,74,.,92,100,71,.,75,63
2019,227817101,.,78,.,67,100,93,.,79,72
2019,227819101,100,83,.,91,96,79,.,78,79
2019,227820001,.,79,.,.,-1,89,.,78,71
2019,227820002,-1,75,.,-1,100,83,.,76,71
2019,227820013,71,85,.,-1,-1,87,100,86,71
2019,227820014,.,81,.,.,86,71,100,80,64
2019,227820015,.,72,.,40,-1,71,.,73,60
2019,227820016,-1,72,.,75,-1,70,-1,70,57
2019,227820017,76,85,.,-1,.,81,-1,83,77
2019,227820020,-1,74,.,.,100,64,-1,73,57
2019,227820030,.,67,-1,-1,.,61,.,63,66
2019,227820041,-1,84,.,60,86,72,.,83,76
2019,227820042,-1,82,.,88,82,57,-1,79,75
2019,227820043,.,79,.,77,63,63,.,77,67
2019,227820044,-1,75,.,77,56,69,.,74,71
2019,227820050,90,84,.,91,73,93,100,87,73
2019,227820051,-1,83,.,.,88,80,.,82,71
2019,227820052,100,86,.,33,100,93,-1,86,77
2019,227820053,.,76,.,64,100,73,-1,74,70
2019,227820054,.,81,.,.,100,69,57,81,77
2019,227820055,.,83,.,-1,43,76,.,80,72
2019,227820056,88,89,.,-1,57,92,-1,89,86
2019,227820057,-1,79,-1,100,95,67,.,72,65
2019,227820058,-1,66,.,91,-1,70,-1,67,52
2019,227820059,100,78,-1,56,100,87,73,83,70
2019,227820060,-1,79,.,100,67,57,-1,77,70
2019,227820061,-1,69,.,100,100,58,.,69,68
2019,227820071,.,67,.,87,83,59,100,65,59
2019,227820072,.,77,-1,100,43,63,100,67,65
2019,227820073,-1,72,.,-1,.,62,25,66,68
2019,227820081,.,70,.,.,86,79,43,69,60
2019,227820082,-1,69,.,83,74,39,.,69,62
2019,227820083,-1,82,.,71,92,59,.,82,76
2019,227820101,.,69,.,.,87,92,.,69,67
2019,227820102,-1,64,.,-1,83,55,-1,61,62
2019,227820103,.,74,.,-1,73,100,.,73,72
2019,227820104,.,69,.,43,81,71,.,69,69
2019,227820205,100,90,.,-1,-1,96,88,92,86
2019,227820206,.,70,.,.,.,71,.,70,70
2019,227820207,100,90,.,.,-1,99,-1,92,86
2019,227820209,.,83,.,.,-1,90,.,82,71
2019,227820211,.,66,.,57,.,74,.,68,59
2019,227820212,76,87,.,-1,73,90,-1,87,85
2019,227820213,-1,71,.,-1,90,70,.,69,59
2019,227820214,.,72,.,100,.,60,.,63,43
2019,227820215,100,89,.,.,.,97,.,94,89
2019,227820216,.,.,.,.,.,.,.,.,.
2019,227820217,.,.,.,.,.,.,.,.,.
2019,227820301,.,47,.,100,56,46,.,43,32
2019,227820302,.,43,.,88,19,48,.,44,40
2019,227820303,.,78,.,-1,-1,67,-1,70,84
2019,227820401,.,53,.,.,.,82,-1,52,54
2019,227820402,.,48,.,-1,-1,52,.,47,40
2019,227821101,80,65,.,63,81,17,.,66,65
2019,227824001,.,70,.,60,67,75,.,70,65
2019,227824002,.,61,.,-1,85,65,.,63,50
2019,227824003,.,76,.,.,.,.,.,77,67
2019,227824004,.,71,.,.,100,50,.,69,62
2019,227825001,.,66,.,57,88,63,.,66,61
2019,227825003,.,58,.,100,93,69,.,59,49
2019,227826101,100,62,.,92,94,80,.,59,49
2019,227827001,-1,45,.,-1,63,45,-1,46,50
2019,227827002,.,.,.,.,-1,-1,.,80,.
2019,227827003,.,20,.,-1,-1,-1,.,64,-1
2019,227828001,.,65,.,-1,83,71,.,65,59
2019,227829001,100,72,.,79,89,68,.,72,63
2019,227901002,88,79,.,94,95,81,67,72,73
2019,227901004,82,70,.,85,75,75,.,71,67
2019,227901005,97,85,.,95,95,74,-1,77,75
2019,227901006,50,68,.,89,94,65,-1,68,60
2019,227901007,52,65,.,67,70,64,-1,66,57
2019,227901008,90,69,-1,81,88,60,-1,68,59
2019,227901009,92,85,-1,90,94,75,60,78,75
2019,227901012,.,.,.,.,.,.,.,.,.
2019,227901013,98,92,100,100,97,89,-1,87,84
2019,227901014,50,63,.,79,95,56,40,61,52
2019,227901015,.,74,.,-1,92,-1,.,70,71
2019,227901017,88,76,100,91,87,72,80,74,68
2019,227901018,100,100,-1,100,100,100,-1,100,100
2019,227901019,89,74,.,-1,60,66,.,72,68
2019,227901025,.,44,.,.,-1,43,.,48,46
2019,227901026,.,71,.,.,.,38,.,64,64
2019,227901027,.,.,.,.,.,.,.,.,.
2019,227901028,100,95,-1,98,99,87,-1,94,89
2019,227901029,.,56,.,.,67,-1,.,56,57
2019,227901030,.,.,.,.,.,-1,.,-1,-1
2019,227901032,.,.,.,.,.,.,.,.,.
2019,227901035,.,-1,.,.,.,.,.,.,-1
2019,227901036,.,.,.,.,.,.,.,.,.
2019,227901043,83,64,.,88,96,45,-1,58,45
2019,227901044,100,77,.,96,98,59,-1,66,49
2019,227901045,97,77,100,90,95,76,-1,68,66
2019,227901046,58,54,.,47,58,50,80,54,47
2019,227901047,88,66,100,85,93,65,-1,59,57
2019,227901051,77,52,.,95,65,59,.,53,46
2019,227901052,94,72,85,88,90,57,100,62,59
2019,227901053,64,49,.,0,49,59,.,50,44
2019,227901054,89,67,.,71,71,61,.,65,56
2019,227901055,67,55,.,.,43,63,.,55,47
2019,227901057,71,67,-1,82,87,65,88,65,58
2019,227901058,.,43,.,64,42,43,.,41,38
2019,227901059,99,76,100,90,89,62,78,70,59
2019,227901060,96,76,89,88,92,67,.,69,61
2019,227901061,86,60,-1,75,80,51,60,60,47
2019,227901062,96,93,-1,98,95,88,75,81,77
2019,227901064,78,66,.,41,55,54,-1,62,56
2019,227901065,71,61,.,91,80,51,-1,60,53
2019,227901101,.,76,.,.,78,59,.,74,72
2019,227901102,45,59,.,-1,100,51,.,57,56
2019,227901103,100,82,.,85,95,.,.,70,68
2019,227901104,100,80,.,75,94,64,.,65,65
2019,227901105,-1,77,.,64,100,70,.,71,63
2019,227901106,.,64,.,67,95,76,.,62,58
2019,227901107,100,76,.,100,96,88,.,73,68
2019,227901108,.,77,.,.,100,93,.,79,74
2019,227901109,40,67,.,.,40,38,.,63,61
2019,227901110,100,86,-1,93,94,63,.,72,56
2019,227901111,.,67,.,86,100,61,.,67,58
2019,227901112,97,86,.,100,96,75,.,74,75
2019,227901113,53,64,.,91,85,46,.,63,50
2019,227901114,.,72,.,80,86,87,.,70,69
2019,227901115,.,.,.,.,.,.,.,.,.
2019,227901116,-1,65,.,-1,-1,50,.,63,61
2019,227901117,88,88,-1,79,94,85,.,68,58
2019,227901118,-1,68,.,-1,80,43,.,65,62
2019,227901119,100,78,-1,90,94,67,.,78,62
2019,227901120,-1,64,.,45,89,-1,.,65,57
2019,227901121,96,85,.,76,93,70,.,80,53
2019,227901122,100,73,.,94,92,48,.,58,53
2019,227901123,95,82,.,100,94,71,-1,78,74
2019,227901124,54,66,.,.,-1,20,.,63,60
2019,227901125,.,53,.,60,100,65,.,57,52
2019,227901126,-1,82,.,94,100,77,.,82,78
2019,227901127,56,69,.,.,80,90,.,69,69
2019,227901128,-1,65,.,100,97,96,.,63,51
2019,227901129,.,67,.,50,50,60,.,63,58
2019,227901130,.,72,.,88,80,56,.,69,63
2019,227901132,100,90,.,.,95,100,.,89,89
2019,227901133,-1,76,.,100,94,-1,.,58,53
2019,227901136,-1,75,.,-1,83,80,.,73,67
2019,227901138,81,75,.,84,89,57,.,62,69
2019,227901139,.,76,.,.,-1,56,.,70,66
2019,227901140,73,65,-1,100,95,60,.,63,60
2019,227901141,-1,68,.,58,47,52,-1,65,63
2019,227901143,81,70,.,87,89,40,-1,66,58
2019,227901144,.,81,.,.,68,94,-1,81,80
2019,227901145,50,78,.,-1,.,94,.,79,71
2019,227901146,100,85,.,97,95,90,.,75,78
2019,227901147,91,70,.,94,80,52,.,63,60
2019,227901148,94,63,-1,94,91,68,100,60,58
2019,227901149,60,57,.,50,42,50,.,55,53
2019,227901150,.,81,-1,-1,.,74,.,76,70
2019,227901151,100,65,-1,57,83,73,.,64,60
2019,227901152,.,60,.,71,56,68,.,60,61
2019,227901154,87,87,-1,96,94,77,.,77,75
2019,227901155,81,84,.,100,94,79,.,68,70
2019,227901156,.,71,.,.,84,38,.,69,65
2019,227901157,.,79,.,-1,-1,45,100,71,72
2019,227901158,-1,59,.,75,89,89,.,59,52
2019,227901159,-1,94,.,100,98,95,.,94,93
2019,227901160,93,70,.,40,75,88,.,71,69
2019,227901161,.,80,.,75,90,62,.,79,79
2019,227901162,.,65,.,.,92,41,.,64,62
2019,227901163,64,81,.,100,54,73,.,79,79
2019,227901164,100,71,.,.,89,62,-1,70,70
2019,227901165,.,85,.,.,88,52,.,84,83
2019,227901166,88,67,.,100,83,68,.,69,60
2019,227901168,.,65,.,.,70,62,.,64,61
2019,227901170,100,76,.,70,91,86,.,76,61
2019,227901171,100,74,.,38,81,50,.,71,66
2019,227901172,-1,65,-1,67,83,62,.,62,52
2019,227901173,69,68,.,56,85,32,.,64,59
2019,227901174,100,70,.,.,-1,68,.,70,69
2019,227901175,.,74,.,.,60,60,-1,73,70
2019,227901176,-1,73,.,67,80,81,-1,72,68
2019,227901177,.,.,.,.,.,.,.,.,.
2019,227901178,.,73,.,.,78,71,80,72,71
2019,227901179,95,62,.,81,87,29,-1,50,51
2019,227901180,99,97,.,98,97,79,-1,80,92
2019,227901181,95,91,.,96,95,100,-1,88,77
2019,227901182,94,87,.,95,95,87,80,85,78
2019,227901183,86,80,.,89,88,63,.,73,58
2019,227901184,97,88,.,94,95,63,.,69,82
2019,227901185,91,89,80,92,95,88,-1,88,87
2019,227901186,64,83,-1,-1,23,76,-1,80,79
2019,227901187,97,76,.,98,92,93,.,69,70
2019,227901188,.,79,.,40,.,69,.,78,78
2019,227901189,-1,73,.,-1,-1,69,.,73,70
2019,227901190,.,68,.,-1,89,62,.,67,64
2019,227901192,.,.,.,.,.,.,.,.,.
2019,227901193,.,62,.,-1,83,43,.,62,60
2019,227901194,.,.,.,.,.,.,.,.,.
2019,227901197,.,.,.,.,.,.,.,.,.
2019,227901249,.,.,.,.,.,.,.,.,.
2019,227901250,.,.,.,.,.,.,.,.,.
2019,227901251,-1,67,.,.,100,.,.,83,87
2019,227904001,95,80,-1,83,87,73,78,72,66
2019,227904003,81,67,-1,66,80,69,-1,66,59
2019,227904004,94,86,-1,89,92,80,100,79,73
2019,227904005,88,75,80,85,88,72,-1,71,64
2019,227904008,.,.,.,.,.,.,.,.,.
2019,227904041,91,66,60,84,81,56,-1,62,51
2019,227904042,76,69,-1,72,76,56,.,63,57
2019,227904043,95,84,-1,91,89,76,100,78,68
2019,227904045,87,59,-1,71,72,59,100,61,51
2019,227904046,94,86,100,85,92,80,100,81,69
2019,227904048,92,79,-1,87,90,78,100,74,66
2019,227904101,96,77,.,100,89,93,-1,77,69
2019,227904102,95,83,.,100,98,79,.,82,82
2019,227904103,82,60,80,66,70,47,.,53,46
2019,227904104,80,54,.,69,86,54,.,60,53
2019,227904105,90,62,.,77,74,57,.,63,58
2019,227904106,97,79,.,73,89,77,.,78,64
2019,227904107,88,75,.,40,72,77,.,72,69
2019,227904108,90,73,.,91,81,59,.,66,55
2019,227904109,97,74,.,100,75,60,.,72,66
2019,227904110,.,.,.,.,.,.,.,.,.
2019,227904111,89,77,.,50,84,70,.,75,73
2019,227904112,96,92,100,98,96,83,-1,86,76
2019,227904113,.,.,.,.,.,.,.,.,.
2019,227904114,73,78,-1,82,87,65,-1,72,68
2019,227904115,96,91,100,93,94,93,-1,90,76
2019,227904116,96,89,.,85,89,82,100,84,73
2019,227904117,94,67,.,56,71,68,.,74,66
2019,227904118,94,83,-1,89,92,73,.,84,65
2019,227904119,.,81,.,71,95,79,.,81,80
2019,227904120,78,70,100,87,91,69,.,66,62
2019,227904121,93,79,.,91,87,80,-1,75,67
2019,227907001,63,63,-1,51,66,65,.,62,55
2019,227907002,-1,28,.,.,23,38,.,28,30
2019,227907004,100,84,-1,85,92,77,-1,82,76
2019,227907041,84,58,-1,73,68,52,86,57,52
2019,227907042,78,64,.,87,69,58,-1,62,58
2019,227907043,87,71,-1,73,81,68,.,69,60
2019,227907101,-1,63,-1,56,80,66,.,65,61
2019,227907102,78,74,.,89,75,67,.,67,69
2019,227907104,.,71,.,100,-1,73,.,70,70
2019,227907105,-1,80,-1,67,77,63,.,75,74
2019,227907106,73,63,-1,62,82,75,-1,65,61
2019,227907107,86,68,.,90,100,58,.,66,65
2019,227907108,91,74,-1,95,84,63,.,72,70
2019,227907109,100,76,.,70,69,71,.,72,67
2019,227907110,.,.,.,.,.,.,.,.,.
2019,227907111,100,83,.,80,73,80,.,81,77
2019,227909001,100,96,-1,98,98,86,100,93,90
2019,227909005,.,.,.,.,.,.,.,.,.
2019,227909041,98,96,100,97,96,80,43,96,72
2019,227909042,98,95,-1,98,95,77,64,84,70
2019,227909101,92,83,.,93,94,.,.,64,70
2019,227909102,92,92,.,95,97,93,.,87,83
2019,227909103,100,76,.,91,91,-1,.,57,48
2019,227909104,97,99,.,100,99,100,.,92,74
2019,227909105,96,96,.,100,94,-1,.,100,91
2019,227909106,99,94,.,95,96,60,.,88,76
2019,227910001,70,68,.,80,77,62,-1,68,60
2019,227910002,.,37,.,.,-1,20,-1,38,36
2019,227910005,.,.,.,.,.,.,.,.,.
2019,227910041,72,65,.,92,71,56,.,64,57
2019,227910042,-1,60,.,63,66,46,.,58,54
2019,227910043,54,60,.,83,75,56,44,60,51
2019,227910101,100,57,.,70,100,36,.,58,50
2019,227910106,.,71,.,-1,60,80,.,68,67
2019,227910107,-1,65,.,.,56,58,.,64,60
2019,227910108,-1,65,.,67,50,55,.,63,60
2019,227910109,-1,54,.,100,65,61,.,54,47
2019,227910110,100,63,-1,93,74,52,.,61,55
2019,227910111,-1,61,.,.,85,67,.,63,59
2019,227910112,100,60,.,97,71,67,.,62,55
2019,227910113,.,57,.,40,64,64,.,56,52
2019,227912001,100,84,-1,83,90,50,-1,87,70
2019,227912041,.,75,-1,91,86,57,61,73,60
2019,227912101,.,77,.,90,97,.,.,78,78
2019,227912102,.,77,.,92,87,.,-1,78,49
2019,227913001,99,84,100,95,94,82,-1,73,81
2019,227913041,98,86,.,92,92,86,100,81,69
2019,227913042,95,84,.,96,95,75,100,80,76
2019,227913101,85,69,.,100,89,88,.,68,66
2019,227913102,98,90,.,90,93,82,-1,86,71
2019,227913103,97,84,.,98,90,81,.,76,73
2019,227913104,95,95,.,97,95,86,-1,90,80
2019,227913105,89,88,.,92,92,86,-1,80,71
2019,227913106,100,81,100,98,90,-1,.,76,71
